FIPS,GeoLevel,NAME,Qualified Area Name,"SE Murder Index (100=Median, 0-200)",Total Population,"SE Robbery Index (100=Median, 0-200)",Total Population,"SE Burglary Index (100=Median, 0-200)",Total Population,"SE Violent Crime Index (100=Median, 0-200)",Total Population,"SE Property Crime Index (100=Median, 0-200)",Total Population,"SE Total Crime Index (100=Median, 0-200)",Total Population,"SE Felonious Assault Index (100=Median, 0-200)",SE Felonious Assault Index: Total Population,"SE Rape and Sexual Assault Index (100=Median, 0-200)",Total Population
Geo_FIPS,_geo_level_,Geo_NAME,Geo_qname,ORG_se_MURD_index,ORG_total_population_murd,ORG_se_ROB_index,ORG_total_population_rob,ORG_se_BURG_index,ORG_total_population_burg,ORG_se_vc_index,ORG_total_population_vc,ORG_se_pc_index,ORG_total_population_pc,ORG_se_tc_index,ORG_total_population_tc,ORG_se_FA_index,ORG_total_population_fa,ORG_se_RSA_index,ORG_total_population_rsa
6001,SL050,Alameda County,"Alameda County, California",190.6598447,1651949,184.3778139,1651949,167.2476037,1651949,176.3809317,1651949,168.9029381,1651949,169.5894369,1651949,153.4742618,1651949,121.288216,1651949
6003,SL050,Alpine County,"Alpine County, California",44.48165883,1695,22.93887959,1695,90.26979492,1695,154.022115,1695,108.0120764,1695,113.5834071,1695,174.9173196,1695,186.3356363,1695
6005,SL050,Amador County,"Amador County, California",44.48165883,41029,105.2814501,41029,67.00103508,41029,116.6279711,41029,73.01692028,41029,76.3249762,41029,136.1050568,41029,133.6705069,41029
6007,SL050,Butte County,"Butte County, California",142.8591866,209470,150.62652,209470,130.7949946,209470,160.4870634,209470,128.6433714,209470,132.3564783,209470,164.3973374,209470,182.7974182,209470
6009,SL050,Calaveras County,"Calaveras County, California",122.7996062,45995,115.5136286,45995,120.7058764,45995,130.2961466,45995,96.87567856,45995,99.28260034,45995,144.8721293,45995,154.1929295,45995
6011,SL050,Colusa County,"Colusa County, California",149.4189227,21895,132.111991,21895,95.40019019,21895,135.7881374,21895,81.43446525,21895,87.12021246,21895,146.034284,21895,140.3345928,21895
6013,SL050,Contra Costa County,"Contra Costa County, California",135.2298643,1161458,165.1606062,1161458,133.4559164,1161458,149.0562729,1161458,141.5757738,1161458,141.4713792,1161458,134.7047488,1161458,98.42381197,1161458
6015,SL050,Del Norte County,"Del Norte County, California",44.48165883,27293,134.4893168,27293,99.13574741,27293,127.0532329,27293,114.2937079,27293,114.1859727,27293,136.5115164,27293,109.0708653,27293
6017,SL050,El Dorado County,"El Dorado County, California",44.48165883,192299,101.8875546,192299,79.74434281,192299,109.3312065,192299,65.26248977,192299,68.39349246,192299,128.1736247,192299,126.4686824,192299
6019,SL050,Fresno County,"Fresno County, California",153.6703385,1012152,167.9208287,1012152,153.2302177,1012152,165.0511951,1012152,153.2671332,1012152,154.1574103,1012152,169.0779342,1012152,123.0091474,1012152
6021,SL050,Glenn County,"Glenn County, California",44.48165883,28623,126.1564743,28623,132.0572914,28623,137.8827106,28623,81.78857171,28623,87.93281999,28623,161.0808627,28623,96.78366756,28623
6023,SL050,Humboldt County,"Humboldt County, California",110.9365401,135418,158.5284985,135418,138.2425461,135418,152.5004593,135418,118.7810052,135418,122.3087073,135418,146.8017605,135418,162.879215,135418
6025,SL050,Imperial County,"Imperial County, California",131.4008971,179319,120.7370131,179319,101.7697402,179319,109.3312065,179319,68.06945164,179319,70.82129316,179319,124.3959909,179319,68.34916815,179319
6027,SL050,Inyo County,"Inyo County, California",154.9317939,18803,128.5144449,18803,89.73247722,18803,155.16795,18803,76.37007466,18803,88.61848369,18803,171.0849862,18803,169.1898579,18803
6029,SL050,Kern County,"Kern County, California",164.5866819,910433,163.525511,910433,160.8140973,910433,162.9449298,910433,134.5654679,910433,137.7925137,910433,169.1957486,910433,125.5345827,910433
6031,SL050,Kings County,"Kings County, California",143.8732317,152830,131.6516734,152830,114.6670482,152830,139.941372,152830,98.68212263,152830,102.599843,152830,155.3752809,152830,133.3010746,152830
6033,SL050,Lake County,"Lake County, California",165.7900716,68139,134.5440163,68139,91.52073112,68139,157.3234896,68139,95.20452989,68139,104.2768378,68139,172.7108246,68139,163.1207345,68139
6035,SL050,Lassen County,"Lassen County, California",173.8813946,31177,126.5595678,31177,125.9275778,31177,137.5695268,31177,81.30251048,31177,87.40750639,31177,152.0116805,31177,134.1139938,31177
6037,SL050,Los Angeles County,"Los Angeles County, California",145.4123924,9848406,167.940184,9848406,158.9450564,9848406,152.6725016,9848406,148.2252919,9848406,147.9354925,9848406,137.1317249,9848406,102.355446,9848406
6039,SL050,Madera County,"Madera County, California",127.805034,158790,138.0220649,158790,87.31559946,158790,141.9298802,158790,108.9253203,158790,111.6796673,158790,153.6164805,158790,138.8678039,158790
6041,SL050,Marin County,"Marin County, California",90.91567015,258765,144.5834841,258765,100.6387222,258765,122.6352536,258765,116.6872672,258765,115.8220448,258765,111.0543545,258765,93.3594769,258765
6043,SL050,Mariposa County,"Mariposa County, California",44.48165883,17060,88.32964462,17060,154.2190169,17060,136.6842606,17060,99.03956973,17060,102.2916701,17060,164.8088462,17060,142.18512,17060
6045,SL050,Mendocino County,"Mendocino County, California",148.1785056,90709,127.6628153,90709,53.40609774,90709,128.2926055,90709,53.87262189,90709,61.8375119,90709,141.9991416,90709,112.6406409,90709
6047,SL050,Merced County,"Merced County, California",151.9839099,285597,160.7190043,285597,160.5262936,285597,157.6608929,285597,145.6538442,285597,146.2484758,285597,156.6560914,285597,159.9187081,285597
6049,SL050,Modoc County,"Modoc County, California",190.5420303,8646,111.2470652,8646,136.1471333,8646,158.8894085,8646,56.41400391,8646,74.44169771,8646,177.4646346,8646,155.5477948,8646
6051,SL050,Mono County,"Mono County, California",44.48165883,13169,75.51144062,13169,58.32400636,13169,122.7429889,13169,79.24301391,13169,82.76821059,13169,149.7201909,13169,150.4708367,13169
6053,SL050,Monterey County,"Monterey County, California",117.3338607,435834,157.6490983,435834,101.131018,435834,148.3313568,435834,108.0375486,435834,112.2241895,435834,144.8923261,435834,135.7288923,435834
6055,SL050,Napa County,"Napa County, California",133.2615227,136070,130.174786,136070,66.76793093,136070,121.987172,136070,103.1961449,136070,103.5385592,136070,127.3514487,136070,116.0033998,136070
6057,SL050,Nevada County,"Nevada County, California",101.0620124,102452,95.54156744,102452,114.5450261,102452,121.5386928,102452,72.15587366,102452,76.40431609,102452,146.289268,102452,136.1488164,102452
6059,SL050,Orange County,"Orange County, California",114.4844359,3164063,148.7170856,3164063,130.8278143,3164063,132.0541516,3164063,128.0495749,3164063,127.1576275,3164063,126.9197432,3164063,95.95055162,3164063
6061,SL050,Placer County,"Placer County, California",110.5309221,412435,129.7817909,412435,82.29502403,412435,114.102457,412435,94.13719955,412435,94.55561309,412435,108.1838914,412435,121.4960743,412435
6063,SL050,Plumas County,"Plumas County, California",44.48165883,19607,84.03446912,19607,49.1235452,19607,32.00821794,19607,18.16549466,19607,18.23982361,19607,27.57529601,19607,41.19968695,19607
6065,SL050,Riverside County,"Riverside County, California",130.7722732,2449909,144.1526201,2449909,130.0376164,2449909,127.1609681,2449909,125.892365,2449909,124.6588385,2449909,121.4144457,2449909,97.76741759,2449909
6067,SL050,Sacramento County,"Sacramento County, California",128.9251121,1584047,166.7755047,1584047,147.8461008,1584047,153.100937,1584047,133.5950158,1584047,135.1016386,1584047,141.4092282,1584047,113.3879207,1584047
6069,SL050,San Benito County,"San Benito County, California",134.3891745,66056,124.3673789,66056,58.16748155,66056,123.9898779,66056,74.66802519,66056,78.9999833,66056,137.7165891,66056,114.7579335,66056
6071,SL050,San Bernardino County,"San Bernardino County, California",151.906489,2187816,163.214986,2187816,145.6875731,2187816,157.6684094,2187816,134.5521054,2187816,136.7051396,2187816,159.2160295,2187816,127.0880494,2187816
6073,SL050,San Diego County,"San Diego County, California",118.1265831,3282782,148.5588777,3282782,109.0801222,3282782,135.5751725,3282782,106.4256961,3282782,108.5494997,3282782,139.6192913,3282782,76.56167162,3282782
6075,SL050,San Francisco County,"San Francisco County, California",151.7794178,836321,192.5617053,836321,183.4193098,836321,183.3870618,836321,180.1374668,836321,180.5249795,836321,21.55413991,836321,118.5532395,836321
6077,SL050,San Joaquin County,"San Joaquin County, California",166.486018,787416,179.4742113,787416,153.9867543,787416,170.7761947,787416,138.508243,787416,143.0114082,787416,157.5026719,787416,127.9716572,787416
6079,SL050,San Luis Obispo County,"San Luis Obispo County, California",116.2937281,281486,120.4046082,281486,118.4505727,281486,131.8286592,281486,105.1671149,281486,106.7772971,281486,148.4587355,281486,142.18512,281486
6081,SL050,San Mateo County,"San Mateo County, California",105.7779536,745100,149.1176545,745100,91.39029378,745100,129.1862233,745100,126.5112162,745100,125.4004577,745100,112.3099191,745100,113.5839974,745100
6083,SL050,Santa Barbara County,"Santa Barbara County, California",99.56072069,443975,154.3082192,443975,124.7612155,443975,147.9663933,443975,115.4044664,443975,118.4427667,443975,147.3235099,443975,147.4253351,443975
6085,SL050,Santa Clara County,"Santa Clara County, California",114.5854196,1903297,163.3479479,1903297,153.6905353,1903297,152.4536906,1903297,150.2856236,1903297,149.7419366,1903297,140.930397,1903297,149.6604421,1903297
6087,SL050,Santa Cruz County,"Santa Cruz County, California",118.0356978,266021,138.2921965,266021,104.2884433,266021,130.4965842,266021,114.261972,266021,114.6169136,266021,135.5201925,266021,118.4951738,266021
6089,SL050,Shasta County,"Shasta County, California",137.5760534,181554,150.6441922,181554,100.6757496,181554,152.5054703,181554,106.6520236,181554,112.0663449,181554,155.1985593,181554,167.2736912,181554
6091,SL050,Sierra County,"Sierra County, California",44.48165883,2731,127.9085424,2731,130.0637039,2731,144.0152667,2731,69.34807663,2731,79.18705841,2731,171.281063,2731,16.70018766,2731
6093,SL050,Siskiyou County,"Siskiyou County, California",149.3810538,43834,125.3351398,43834,81.43750368,43834,140.6053216,43834,67.5524896,43834,76.69996158,43834,157.0474035,43834,146.7571593,43834
6095,SL050,Solano County,"Solano County, California",151.8139206,450824,169.6156727,450824,144.5742273,450824,159.2510314,450824,147.1295662,450824,147.8269221,450824,148.418342,450824,136.6688827,450824
6097,SL050,Sonoma County,"Sonoma County, California",106.3459872,485642,135.0733394,485642,109.0700238,485642,126.2381199,485642,94.77776479,485642,96.79800899,485642,115.7105469,485642,154.2922301,485642
6099,SL050,Stanislaus County,"Stanislaus County, California",130.4508083,552250,161.8862081,552250,130.980973,552250,154.1256744,552250,131.4895856,552250,133.447193,552250,152.6116922,552250,133.4197305,552250
6101,SL050,Sutter County,"Sutter County, California",144.9529163,98971,148.0909864,98971,118.8965842,98971,143.9334213,98971,122.8490538,98971,124.2128648,98971,136.2784122,98971,165.9280827,98971
6103,SL050,Tehama County,"Tehama County, California",159.7251559,65520,159.0712861,65520,138.9889844,65520,160.1095726,65520,125.509028,65520,129.643054,65520,157.1088352,65520,178.174887,65520
6105,SL050,Trinity County,"Trinity County, California",44.48165883,15886,114.2412333,15886,160.7080644,15886,133.7520253,15886,90.83916551,15886,94.67671082,15886,163.3134451,15886,62.56700693,15886
6107,SL050,Tulare County,"Tulare County, California",153.0248841,475774,154.502613,475774,139.5284059,475774,150.47938,475774,131.6766607,475774,132.9544506,475774,151.3359309,475774,146.8177496,475774
6109,SL050,Tuolumne County,"Tuolumne County, California",117.0898166,54873,109.2661006,54873,122.6195185,54873,144.6558319,54873,83.24926089,54873,90.79239673,54873,159.2623137,54873,179.3892166,54873
6111,SL050,Ventura County,"Ventura County, California",130.8034099,838259,141.8501906,838259,109.3729751,838259,128.1631562,838259,112.4847584,838259,112.6968882,838259,129.0934184,838259,95.14099856,838259
6113,SL050,Yolo County,"Yolo County, California",141.4664524,217782,139.1505584,217782,111.2285515,217782,120.2784413,217782,123.0687,217782,121.4175951,217782,111.3219614,217782,98.92704766,217782
6115,SL050,Yuba County,"Yuba County, California",151.324991,83079,130.9027106,83079,107.9642518,83079,145.1510799,83079,83.25176636,83079,90.91432962,83079,160.7030152,83079,148.7928234,83079